Category ID;Active (0/1);Name *;Parent category;Image URL;Description;Meta title;Meta keywords;Meta description;URL rewritten
105;1;APRILIA;Inicio;https://i.pinimg.com/originals/dd/58/5c/dd585c5288850938eda67e21011a0248.jpg;Todos los recambios APRILIA. Compra accesorios y respuestos para tu moto online. Aceite, pastillas de freno, kit de transmision, filtros, neumáticos, anti robos, escapes, cupulas, maletas, portamatriculas.;APRILIA: recambios, accesorios y respuestos para tu moto.;APRILIA Aceite, pastillas de freno APRILIA ,kit de transmision APRILIA, filtros APRILIA, neumáticos APRILIA, anti robos APRILIA, escapes APRILIA, cupulas APRILIA, maletas APRILIA, portamatriculas APRILIA;Recambios APRILIA. Compra tus accesorios y repuestos al precio más barato en nuestra tienda de moto online. Envío 24/48 horas*.;APRILIA
107;1;BENELLI;Inicio;https://motorcycle-logos.com/wp-content/uploads/2017/02/Benelli-Logo.jpg;Todos los recambios BENELLI. Compra accesorios y respuestos para tu moto online. Aceite, pastillas de freno, kit de transmision, filtros, neumáticos, anti robos, escapes, cupulas, maletas, portamatriculas.;BENELLI: recambios, accesorios y respuestos para tu moto.;BENELLI Aceite, pastillas de freno BENELLI ,kit de transmision BENELLI, filtros BENELLI, neumáticos BENELLI, anti robos BENELLI, escapes BENELLI, cupulas BENELLI, maletas BENELLI, portamatriculas BENELLI;Recambios BENELLI. Compra tus accesorios y repuestos al precio más barato en nuestra tienda de moto online. Envío 24/48 horas*.;BENELLI
108;1;BETA;Inicio;https://cdn11.bigcommerce.com/s-peenhlhyij/images/stencil/500x200/beta-logo_black-text-275px-wide_1525384787__02961.original.jpg;Todos los recambios BETA. Compra accesorios y respuestos para tu moto online. Aceite, pastillas de freno, kit de transmision, filtros, neumáticos, anti robos, escapes, cupulas, maletas, portamatriculas.;BETA: recambios, accesorios y respuestos para tu moto.;BETA Aceite, pastillas de freno BETA ,kit de transmision BETA, filtros BETA, neumáticos BETA, anti robos BETA, escapes BETA, cupulas BETA, maletas BETA, portamatriculas BETA;Recambios BETA. Compra tus accesorios y repuestos al precio más barato en nuestra tienda de moto online. Envío 24/48 horas*.;BETA
109;1;BIMOTA;Inicio;https://i.pinimg.com/originals/dd/6d/87/dd6d87c57222d01e964909ac2d8dd99d.png;Todos los recambios BIMOTA. Compra accesorios y respuestos para tu moto online. Aceite, pastillas de freno, kit de transmision, filtros, neumáticos, anti robos, escapes, cupulas, maletas, portamatriculas.;BIMOTA: recambios, accesorios y respuestos para tu moto.;BIMOTA Aceite, pastillas de freno BIMOTA ,kit de transmision BIMOTA, filtros BIMOTA, neumáticos BIMOTA, anti robos BIMOTA, escapes BIMOTA, cupulas BIMOTA, maletas BIMOTA, portamatriculas BIMOTA;Recambios BIMOTA. Compra tus accesorios y repuestos al precio más barato en nuestra tienda de moto online. Envío 24/48 horas*.;BIMOTA
110;1;BMW;Inicio;https://i.ebayimg.com/images/g/3HAAAOSwV01bhm-2/s-l300.jpg;Todos los recambios BMW. Compra accesorios y respuestos para tu moto online. Aceite, pastillas de freno, kit de transmision, filtros, neumáticos, anti robos, escapes, cupulas, maletas, portamatriculas.;BMW: recambios, accesorios y respuestos para tu moto.;BMW Aceite, pastillas de freno BMW ,kit de transmision BMW, filtros BMW, neumáticos BMW, anti robos BMW, escapes BMW, cupulas BMW, maletas BMW, portamatriculas BMW;Recambios BMW. Compra tus accesorios y repuestos al precio más barato en nuestra tienda de moto online. Envío 24/48 horas*.;BMW
112;1;BULTACO;Inicio;https://todotrial.com/wp-content/uploads/2014/05/BULTACO-logo-blanco.gif;Todos los recambios BULTACO. Compra accesorios y respuestos para tu moto online. Aceite, pastillas de freno, kit de transmision, filtros, neumáticos, anti robos, escapes, cupulas, maletas, portamatriculas.;BULTACO: recambios, accesorios y respuestos para tu moto.;BULTACO Aceite, pastillas de freno BULTACO ,kit de transmision BULTACO, filtros BULTACO, neumáticos BULTACO, anti robos BULTACO, escapes BULTACO, cupulas BULTACO, maletas BULTACO, portamatriculas BULTACO;Recambios BULTACO. Compra tus accesorios y repuestos al precio más barato en nuestra tienda de moto online. Envío 24/48 horas*.;BULTACO
113;1;CAGIVA;Inicio;https://motocolor.es/56-130-large/logo-cagiva.jpg;Todos los recambios CAGIVA. Compra accesorios y respuestos para tu moto online. Aceite, pastillas de freno, kit de transmision, filtros, neumáticos, anti robos, escapes, cupulas, maletas, portamatriculas.;CAGIVA: recambios, accesorios y respuestos para tu moto.;CAGIVA Aceite, pastillas de freno CAGIVA ,kit de transmision CAGIVA, filtros CAGIVA, neumáticos CAGIVA, anti robos CAGIVA, escapes CAGIVA, cupulas CAGIVA, maletas CAGIVA, portamatriculas CAGIVA;Recambios CAGIVA. Compra tus accesorios y repuestos al precio más barato en nuestra tienda de moto online. Envío 24/48 horas*.;CAGIVA
117;1;DAELIM;Inicio;https://www.motoshombrados.com/wp-content/uploads/2017/03/Daelim.jpg;Todos los recambios DAELIM. Compra accesorios y respuestos para tu moto online. Aceite, pastillas de freno, kit de transmision, filtros, neumáticos, anti robos, escapes, cupulas, maletas, portamatriculas.;DAELIM: recambios, accesorios y respuestos para tu moto.;DAELIM Aceite, pastillas de freno DAELIM ,kit de transmision DAELIM, filtros DAELIM, neumáticos DAELIM, anti robos DAELIM, escapes DAELIM, cupulas DAELIM, maletas DAELIM, portamatriculas DAELIM;Recambios DAELIM. Compra tus accesorios y repuestos al precio más barato en nuestra tienda de moto online. Envío 24/48 horas*.;DAELIM
118;1;DERBI;Inicio;https://motocolor.es/198-large/pegatina-logo-derbi.jpg;Todos los recambios DERBI. Compra accesorios y respuestos para tu moto online. Aceite, pastillas de freno, kit de transmision, filtros, neumáticos, anti robos, escapes, cupulas, maletas, portamatriculas.;DERBI: recambios, accesorios y respuestos para tu moto.;DERBI Aceite, pastillas de freno DERBI ,kit de transmision DERBI, filtros DERBI, neumáticos DERBI, anti robos DERBI, escapes DERBI, cupulas DERBI, maletas DERBI, portamatriculas DERBI;Recambios DERBI. Compra tus accesorios y repuestos al precio más barato en nuestra tienda de moto online. Envío 24/48 horas*.;DERBI
121;1;DUCATI;Inicio;https://www.wilock.com/wp-content/uploads/2019/01/Ducati-Logo-278x300.png;Todos los recambios DUCATI. Compra accesorios y respuestos para tu moto online. Aceite, pastillas de freno, kit de transmision, filtros, neumáticos, anti robos, escapes, cupulas, maletas, portamatriculas.;DUCATI: recambios, accesorios y respuestos para tu moto.;DUCATI Aceite, pastillas de freno DUCATI ,kit de transmision DUCATI, filtros DUCATI, neumáticos DUCATI, anti robos DUCATI, escapes DUCATI, cupulas DUCATI, maletas DUCATI, portamatriculas DUCATI;Recambios DUCATI. Compra tus accesorios y repuestos al precio más barato en nuestra tienda de moto online. Envío 24/48 horas*.;DUCATI
122;1;ENFIELD;Inicio;https://img2.pngdownload.id/20180817/wyr/kisspng-logo-enfield-cycle-co-ltd-royal-enfield-london-bo-5b77434f236f37.0236774815345426711452.jpg;Todos los recambios ENFIELD. Compra accesorios y respuestos para tu moto online. Aceite, pastillas de freno, kit de transmision, filtros, neumáticos, anti robos, escapes, cupulas, maletas, portamatriculas.;ENFIELD: recambios, accesorios y respuestos para tu moto.;ENFIELD Aceite, pastillas de freno ENFIELD ,kit de transmision ENFIELD, filtros ENFIELD, neumáticos ENFIELD, anti robos ENFIELD, escapes ENFIELD, cupulas ENFIELD, maletas ENFIELD, portamatriculas ENFIELD;Recambios ENFIELD. Compra tus accesorios y repuestos al precio más barato en nuestra tienda de moto online. Envío 24/48 horas*.;ENFIELD
126;1;GAS GAS;Inicio;http://www.moto1pro.com/sites/default/files/gas-gas-logo_0.png;Todos los recambios GAS GAS. Compra accesorios y respuestos para tu moto online. Aceite, pastillas de freno, kit de transmision, filtros, neumáticos, anti robos, escapes, cupulas, maletas, portamatriculas.;GAS GAS: recambios, accesorios y respuestos para tu moto.;GAS GAS Aceite, pastillas de freno GAS GAS ,kit de transmision GAS GAS, filtros GAS GAS, neumáticos GAS GAS, anti robos GAS GAS, escapes GAS GAS, cupulas GAS GAS, maletas GAS GAS, portamatriculas GAS GAS;Recambios GAS GAS. Compra tus accesorios y repuestos al precio más barato en nuestra tienda de moto online. Envío 24/48 horas*.;GAS-GAS
128;1;GILERA;Inicio;https://i.pinimg.com/originals/e2/5c/f1/e25cf1ef60372bdc23689b04d520590f.png;Todos los recambios GILERA. Compra accesorios y respuestos para tu moto online. Aceite, pastillas de freno, kit de transmision, filtros, neumáticos, anti robos, escapes, cupulas, maletas, portamatriculas.;GILERA: recambios, accesorios y respuestos para tu moto.;GILERA Aceite, pastillas de freno GILERA ,kit de transmision GILERA, filtros GILERA, neumáticos GILERA, anti robos GILERA, escapes GILERA, cupulas GILERA, maletas GILERA, portamatriculas GILERA;Recambios GILERA. Compra tus accesorios y repuestos al precio más barato en nuestra tienda de moto online. Envío 24/48 horas*.;GILERA
131;1;HARLEY DAVIDSON;Inicio;https://upload.wikimedia.org/wikipedia/commons/thumb/d/de/Harley-Davidson_logo.svg/1200px-Harley-Davidson_logo.svg.png;Todos los recambios HARLEY DAVIDSON. Compra accesorios y respuestos para tu moto online. Aceite, pastillas de freno, kit de transmision, filtros, neumáticos, anti robos, escapes, cupulas, maletas, portamatriculas.;HARLEY DAVIDSON: recambios, accesorios y respuestos para tu moto.;HARLEY DAVIDSON Aceite, pastillas freno HARLEY DAVIDSON ,kit transmision HARLEY DAVIDSON, filtros HARLEY DAVIDSON, neumáticos HARLEY DAVIDSON, anti robos HARLEY DAVIDSON, escapes HARLEY DAVIDSON, cupulas HARLEY DAVIDSON, maletas HARLEY DAVIDSON;Recambios HARLEY DAVIDSON. Compra tus accesorios y repuestos al precio más barato en nuestra tienda de moto online. Envío 24/48 horas*.;HARLEY-DAVIDSON
133;1;HONDA;Inicio;https://i.pinimg.com/originals/ed/a0/5e/eda05e2b36e232a463f7b3b47d40d2eb.jpg;Todos los recambios HONDA. Compra accesorios y respuestos para tu moto online. Aceite, pastillas de freno, kit de transmision, filtros, neumáticos, anti robos, escapes, cupulas, maletas, portamatriculas.;HONDA: recambios, accesorios y respuestos para tu moto.;HONDA Aceite, pastillas freno HONDA ,kit transmision HONDA, filtros HONDA, neumáticos HONDA, anti robos HONDA, escapes HONDA, cupulas HONDA, maletas HONDA;Recambios HONDA. Compra tus accesorios y repuestos al precio más barato en nuestra tienda de moto online. Envío 24/48 horas*.;HONDA
134;1;HUSABERG;Inicio;https://irace-design.de/wp-content/uploads/2015/06/I-Race-Design-Husaberg-2.jpg;Todos los recambios HUSABERG. Compra accesorios y respuestos para tu moto online. Aceite, pastillas de freno, kit de transmision, filtros, neumáticos, anti robos, escapes, cupulas, maletas, portamatriculas.;HUSABERG: recambios, accesorios y respuestos para tu moto.;HUSABERG Aceite, pastillas freno HUSABERG ,kit transmision HUSABERG, filtros HUSABERG, neumáticos HUSABERG, anti robos HUSABERG, escapes HUSABERG, cupulas HUSABERG, maletas HUSABERG;Recambios HUSABERG. Compra tus accesorios y repuestos al precio más barato en nuestra tienda de moto online. Envío 24/48 horas*.;HUSABERG
135;1;HUSQVARNA;Inicio;https://i.pinimg.com/originals/ff/bf/3b/ffbf3b99c6d8877d83a4cceab512a94a.jpg;Todos los recambios HUSQVARNA. Compra accesorios y respuestos para tu moto online. Aceite, pastillas de freno, kit de transmision, filtros, neumáticos, anti robos, escapes, cupulas, maletas, portamatriculas.;HUSQVARNA: recambios, accesorios y respuestos para tu moto.;HUSQVARNA Aceite, pastillas freno HUSQVARNA ,kit transmision HUSQVARNA, filtros HUSQVARNA, neumáticos HUSQVARNA, anti robos HUSQVARNA, escapes HUSQVARNA, cupulas HUSQVARNA, maletas HUSQVARNA;Recambios HUSQVARNA. Compra tus accesorios y repuestos al precio más barato en nuestra tienda de moto online. Envío 24/48 horas*.;HUSQVARNA
136;1;HYOSUNG;Inicio;https://pictures.topspeed.com/IMG/svg/201705/hyosung-2.svg;Todos los recambios HYOSUNG. Compra accesorios y respuestos para tu moto online. Aceite, pastillas de freno, kit de transmision, filtros, neumáticos, anti robos, escapes, cupulas, maletas, portamatriculas.;HYOSUNG: recambios, accesorios y respuestos para tu moto.;HYOSUNG Aceite, pastillas freno HYOSUNG ,kit transmision HYOSUNG, filtros HYOSUNG, neumáticos HYOSUNG, anti robos HYOSUNG, escapes HYOSUNG, cupulas HYOSUNG, maletas HYOSUNG;Recambios HYOSUNG. Compra tus accesorios y repuestos al precio más barato en nuestra tienda de moto online. Envío 24/48 horas*.;HYOSUNG
137;1;ITALJET;Inicio;https://www.timekings.com/contents/media/italjet.png;Todos los recambios ITALJET. Compra accesorios y respuestos para tu moto online. Aceite, pastillas de freno, kit de transmision, filtros, neumáticos, anti robos, escapes, cupulas, maletas, portamatriculas.;ITALJET: recambios, accesorios y respuestos para tu moto.;ITALJET Aceite, pastillas freno ITALJET ,kit transmision ITALJET, filtros ITALJET, neumáticos ITALJET, anti robos ITALJET, escapes ITALJET, cupulas ITALJET, maletas ITALJET;Recambios ITALJET. Compra tus accesorios y repuestos al precio más barato en nuestra tienda de moto online. Envío 24/48 horas*.;ITALJET
139;1;KAWASAKI;Inicio;http://marque-voiture.com/wp-content/uploads/2017/02/sigle-Kawasaki.jpg;Todos los recambios KAWASAKI. Compra accesorios y respuestos para tu moto online. Aceite, pastillas de freno, kit de transmision, filtros, neumáticos, anti robos, escapes, cupulas, maletas, portamatriculas.;KAWASAKI: recambios, accesorios y respuestos para tu moto.;KAWASAKI Aceite, pastillas freno KAWASAKI ,kit transmision KAWASAKI, filtros KAWASAKI, neumáticos KAWASAKI, anti robos KAWASAKI, escapes KAWASAKI, cupulas KAWASAKI, maletas KAWASAKI;Recambios KAWASAKI. Compra tus accesorios y repuestos al precio más barato en nuestra tienda de moto online. Envío 24/48 horas*.;KAWASAKI
140;1;KEEWAY;Inicio;https://buentaller.com/wp-content/uploads/KEEWAY-LOGO-MOTOS.jpg;Todos los recambios KEEWAY. Compra accesorios y respuestos para tu moto online. Aceite, pastillas de freno, kit de transmision, filtros, neumáticos, anti robos, escapes, cupulas, maletas, portamatriculas.;KEEWAY: recambios, accesorios y respuestos para tu moto.;KEEWAY Aceite, pastillas freno KEEWAY ,kit transmision KEEWAY, filtros KEEWAY, neumáticos KEEWAY, anti robos KEEWAY, escapes KEEWAY, cupulas KEEWAY, maletas KEEWAY;Recambios KEEWAY. Compra tus accesorios y repuestos al precio más barato en nuestra tienda de moto online. Envío 24/48 horas*.;KEEWAY
142;1;KTM;Inicio;https://i.pinimg.com/originals/c8/82/d5/c882d500364dd0f3a96f93d7f84f83e5.jpg;Todos los recambios KTM. Compra accesorios y respuestos para tu moto online. Aceite, pastillas de freno, kit de transmision, filtros, neumáticos, anti robos, escapes, cupulas, maletas, portamatriculas.;KTM: recambios, accesorios y respuestos para tu moto.;KTM Aceite, pastillas freno KTM ,kit transmision KTM, filtros KTM, neumáticos KTM, anti robos KTM, escapes KTM, cupulas KTM, maletas KTM;Recambios KTM. Compra tus accesorios y repuestos al precio más barato en nuestra tienda de moto online. Envío 24/48 horas*.;KTM
143;1;KYMCO;Inicio;https://motorrotulo.com/1288-large_default/adhesivo-kymco-logo-bicolor.jpg;Todos los recambios KYMCO. Compra accesorios y respuestos para tu moto online. Aceite, pastillas de freno, kit de transmision, filtros, neumáticos, anti robos, escapes, cupulas, maletas, portamatriculas.;KYMCO: recambios, accesorios y respuestos para tu moto.;KYMCO Aceite, pastillas freno KYMCO ,kit transmision KYMCO, filtros KYMCO, neumáticos KYMCO, anti robos KYMCO, escapes KYMCO, cupulas KYMCO, maletas KYMCO;Recambios KYMCO. Compra tus accesorios y repuestos al precio más barato en nuestra tienda de moto online. Envío 24/48 horas*.;KYMCO
144;1;LAMBRETTA;Inicio;http://logosolusa.com/wp-content/uploads/parser/Lambretta-Logo-1.png;Todos los recambios LAMBRETTA. Compra accesorios y respuestos para tu moto online. Aceite, pastillas de freno, kit de transmision, filtros, neumáticos, anti robos, escapes, cupulas, maletas, portamatriculas.;LAMBRETTA: recambios, accesorios y respuestos para tu moto.;LAMBRETTA Aceite, pastillas freno LAMBRETTA ,kit transmision LAMBRETTA, filtros LAMBRETTA, neumáticos LAMBRETTA, anti robos LAMBRETTA, escapes LAMBRETTA, cupulas LAMBRETTA, maletas LAMBRETTA;Recambios LAMBRETTA. Compra tus accesorios y repuestos al precio más barato en nuestra tienda de moto online. Envío 24/48 horas*.;LAMBRETTA
145;1;LAVERDA;Inicio;https://d1yjjnpx0p53s8.cloudfront.net/styles/logo-thumbnail/s3/072011/untitled-1_188.png?itok=JKkdm_wM;Todos los recambios LAVERDA. Compra accesorios y respuestos para tu moto online. Aceite, pastillas de freno, kit de transmision, filtros, neumáticos, anti robos, escapes, cupulas, maletas, portamatriculas.;LAVERDA: recambios, accesorios y respuestos para tu moto.;LAVERDA Aceite, pastillas freno LAVERDA ,kit transmision LAVERDA, filtros LAVERDA, neumáticos LAVERDA, anti robos LAVERDA, escapes LAVERDA, cupulas LAVERDA, maletas LAVERDA;Recambios LAVERDA. Compra tus accesorios y repuestos al precio más barato en nuestra tienda de moto online. Envío 24/48 horas*.;LAVERDA
149;1;MALAGUTI;Inicio;https://www.cityparts.nl/media/catalog/category/2933.jpg;Todos los recambios MALAGUTI. Compra accesorios y respuestos para tu moto online. Aceite, pastillas de freno, kit de transmision, filtros, neumáticos, anti robos, escapes, cupulas, maletas, portamatriculas.;MALAGUTI: recambios, accesorios y respuestos para tu moto.;MALAGUTI Aceite, pastillas freno MALAGUTI ,kit transmision MALAGUTI, filtros MALAGUTI, neumáticos MALAGUTI, anti robos MALAGUTI, escapes MALAGUTI, cupulas MALAGUTI, maletas MALAGUTI;Recambios MALAGUTI. Compra tus accesorios y repuestos al precio más barato en nuestra tienda de moto online. Envío 24/48 horas*.;MALAGUTI
151;1;MBK;Inicio;https://gryp-3d.com/wp-content/uploads/2018/06/MBK-1.png;Todos los recambios MBK. Compra accesorios y respuestos para tu moto online. Aceite, pastillas de freno, kit de transmision, filtros, neumáticos, anti robos, escapes, cupulas, maletas, portamatriculas.;MBK: recambios, accesorios y respuestos para tu moto.;MBK Aceite, pastillas freno MBK ,kit transmision MBK, filtros MBK, neumáticos MBK, anti robos MBK, escapes MBK, cupulas MBK, maletas MBK;Recambios MBK. Compra tus accesorios y repuestos al precio más barato en nuestra tienda de moto online. Envío 24/48 horas*.;MBK
153;1;MOTO GUZZI;Inicio;https://i.pinimg.com/originals/3c/07/29/3c0729a38f48fda766304474b267743a.jpg;Todos los recambios MOTO GUZZI. Compra accesorios y respuestos para tu moto online. Aceite, pastillas de freno, kit de transmision, filtros, neumáticos, anti robos, escapes, cupulas, maletas, portamatriculas.;MOTO GUZZI: recambios, accesorios y respuestos para tu moto.;MOTO GUZZI Aceite, pastillas freno MOTO GUZZI ,kit transmision MOTO GUZZI, filtros MOTO GUZZI, neumáticos MOTO GUZZI, anti robos MOTO GUZZI, escapes MOTO GUZZI, cupulas MOTO GUZZI, maletas MOTO GUZZI;Recambios MOTO GUZZI. Compra tus accesorios y repuestos al precio más barato en nuestra tienda de moto online. Envío 24/48 horas*.;MOTO-GUZZI
154;1;MOTORHISPANIA;Inicio;https://www.desguacesdocu.com/pub/media/amasty/finder/images_mb/Motor%20Hispania/5.jpg;Todos los recambios MOTORHISPANIA. Compra accesorios y respuestos para tu moto online. Aceite, pastillas de freno, kit de transmision, filtros, neumáticos, anti robos, escapes, cupulas, maletas, portamatriculas.;MOTORHISPANIA: recambios, accesorios y respuestos para tu moto.;MOTORHISPANIA Aceite, pastillas freno MOTORHISPANIA ,kit transmision MOTORHISPANIA, filtros MOTORHISPANIA, neumáticos MOTORHISPANIA, anti robos MOTORHISPANIA, escapes MOTORHISPANIA, cupulas MOTORHISPANIA, maletas MOTORHISPANIA;Recambios MOTORHISPANIA. Compra tus accesorios y repuestos al precio más barato en nuestra tienda de moto online. Envío 24/48 horas*.;MOTORHISPANIA
155;1;MV AGUSTA;Inicio;https://i.pinimg.com/originals/8e/3e/13/8e3e13b6722f27ce74f14e9dd6d3a3ae.png;Todos los recambios MV AGUSTA. Compra accesorios y respuestos para tu moto online. Aceite, pastillas de freno, kit de transmision, filtros, neumáticos, anti robos, escapes, cupulas, maletas, portamatriculas.;MV AGUSTA: recambios, accesorios y respuestos para tu moto.;MV AGUSTA Aceite, pastillas freno MV AGUSTA ,kit transmision MV AGUSTA, filtros MV AGUSTA, neumáticos MV AGUSTA, anti robos MV AGUSTA, escapes MV AGUSTA, cupulas MV AGUSTA, maletas MV AGUSTA;Recambios MV AGUSTA. Compra tus accesorios y repuestos al precio más barato en nuestra tienda de moto online. Envío 24/48 horas*.;MV-AGUSTA
158;1;PEUGEOT;Inicio;https://www.neomotor.com/media/2019/01/logo-peugeot-1.png;Todos los recambios PEUGEOT. Compra accesorios y respuestos para tu moto online. Aceite, pastillas de freno, kit de transmision, filtros, neumáticos, anti robos, escapes, cupulas, maletas, portamatriculas.;PEUGEOT: recambios, accesorios y respuestos para tu moto.;PEUGEOT Aceite, pastillas freno PEUGEOT ,kit transmision PEUGEOT, filtros PEUGEOT, neumáticos PEUGEOT, anti robos PEUGEOT, escapes PEUGEOT, cupulas PEUGEOT, maletas PEUGEOT;Recambios PEUGEOT. Compra tus accesorios y repuestos al precio más barato en nuestra tienda de moto online. Envío 24/48 horas*.;PEUGEOT
160;1;PIAGGIO;Inicio;https://i.pinimg.com/originals/51/ac/16/51ac165faade522705cd4eef7fee73d4.png;Todos los recambios PIAGGIO. Compra accesorios y respuestos para tu moto online. Aceite, pastillas de freno, kit de transmision, filtros, neumáticos, anti robos, escapes, cupulas, maletas, portamatriculas.;PIAGGIO: recambios, accesorios y respuestos para tu moto.;PIAGGIO Aceite, pastillas freno PIAGGIO ,kit transmision PIAGGIO, filtros PIAGGIO, neumáticos PIAGGIO, anti robos PIAGGIO, escapes PIAGGIO, cupulas PIAGGIO, maletas PIAGGIO;Recambios PIAGGIO. Compra tus accesorios y repuestos al precio más barato en nuestra tienda de moto online. Envío 24/48 horas*.;PIAGGIO
163;1;RIEJU;Inicio;https://upload.wikimedia.org/wikipedia/ca/d/d7/Rieju_logo.png;Todos los recambios RIEJU. Compra accesorios y respuestos para tu moto online. Aceite, pastillas de freno, kit de transmision, filtros, neumáticos, anti robos, escapes, cupulas, maletas, portamatriculas.;RIEJU: recambios, accesorios y respuestos para tu moto.;RIEJU Aceite, pastillas freno RIEJU ,kit transmision RIEJU, filtros RIEJU, neumáticos RIEJU, anti robos RIEJU, escapes RIEJU, cupulas RIEJU, maletas RIEJU;Recambios RIEJU. Compra tus accesorios y repuestos al precio más barato en nuestra tienda de moto online. Envío 24/48 horas*.;RIEJU
168;1;SUZUKI;Inicio;https://i.pinimg.com/originals/ae/99/05/ae99054fb4f2d2838cc6a4ed59fb7144.png;Todos los recambios SUZUKI. Compra accesorios y respuestos para tu moto online. Aceite, pastillas de freno, kit de transmision, filtros, neumáticos, anti robos, escapes, cupulas, maletas, portamatriculas.;SUZUKI: recambios, accesorios y respuestos para tu moto.;SUZUKI Aceite, pastillas freno SUZUKI ,kit transmision SUZUKI, filtros SUZUKI, neumáticos SUZUKI, anti robos SUZUKI, escapes SUZUKI, cupulas SUZUKI, maletas SUZUKI;Recambios SUZUKI. Compra tus accesorios y repuestos al precio más barato en nuestra tienda de moto online. Envío 24/48 horas*.;SUZUKI
169;1;SYM;Inicio;https://static.wixstatic.com/media/1a4b8a_14eae20eb6e74b0c983e4aae8eed7470.jpg;Todos los recambios SYM. Compra accesorios y respuestos para tu moto online. Aceite, pastillas de freno, kit de transmision, filtros, neumáticos, anti robos, escapes, cupulas, maletas, portamatriculas.;SYM: recambios, accesorios y respuestos para tu moto.;SYM Aceite, pastillas freno SYM ,kit transmision SYM, filtros SYM, neumáticos SYM, anti robos SYM, escapes SYM, cupulas SYM, maletas SYM;Recambios SYM. Compra tus accesorios y repuestos al precio más barato en nuestra tienda de moto online. Envío 24/48 horas*.;SYM
170;1;TGB;Inicio;https://www.autocollant-tuning.com/1644-1784-large/autocollant-tgb.jpg;Todos los recambios TGB. Compra accesorios y respuestos para tu moto online. Aceite, pastillas de freno, kit de transmision, filtros, neumáticos, anti robos, escapes, cupulas, maletas, portamatriculas.;TGB: recambios, accesorios y respuestos para tu moto.;TGB Aceite, pastillas freno TGB ,kit transmision TGB, filtros TGB, neumáticos TGB, anti robos TGB, escapes TGB, cupulas TGB, maletas TGB;Recambios TGB. Compra tus accesorios y repuestos al precio más barato en nuestra tienda de moto online. Envío 24/48 horas*.;TGB
171;1;TRIUMPH;Inicio;https://i.pinimg.com/originals/39/b8/26/39b8265bdbf8840c348ed8fa91f82317.jpg;Todos los recambios TRIUMPH. Compra accesorios y respuestos para tu moto online. Aceite, pastillas de freno, kit de transmision, filtros, neumáticos, anti robos, escapes, cupulas, maletas, portamatriculas.;TRIUMPH: recambios, accesorios y respuestos para tu moto.;TRIUMPH Aceite, pastillas freno TRIUMPH ,kit transmision TRIUMPH, filtros TRIUMPH, neumáticos TRIUMPH, anti robos TRIUMPH, escapes TRIUMPH, cupulas TRIUMPH, maletas TRIUMPH;Recambios TRIUMPH. Compra tus accesorios y repuestos al precio más barato en nuestra tienda de moto online. Envío 24/48 horas*.;TRIUMPH
173;1;YAMAHA;Inicio;https://i.ebayimg.com/images/g/NykAAOSwgyxWVjsk/s-l300.jpg;Todos los recambios YAMAHA. Compra accesorios y respuestos para tu moto online. Aceite, pastillas de freno, kit de transmision, filtros, neumáticos, anti robos, escapes, cupulas, maletas, portamatriculas.;YAMAHA: recambios, accesorios y respuestos para tu moto.;YAMAHA Aceite, pastillas freno YAMAHA ,kit transmision YAMAHA, filtros YAMAHA, neumáticos YAMAHA, anti robos YAMAHA, escapes YAMAHA, cupulas YAMAHA, maletas YAMAHA;Recambios YAMAHA. Compra tus accesorios y repuestos al precio más barato en nuestra tienda de moto online. Envío 24/48 horas*.;YAMAHA
